file,9926
using,8483
use,8271
like,8105
get,6772
way,6670
code,6506
want,6067
would,5965
function,5871
string,5718
one,5600
new,5450
android,5242
error,5202
class,4689
data,4435
work,4415
git,4397
value,4214
example,4147
need,4115
return,3955
user,3954
know,3870
object,3795
method,3776
line,3514
http,3493
name,3401
python,3390
ive,3380
set,3380
time,3379
public,3339
list,3253
make,3109
question,3108
difference,3051
application,2987
type,2961
something,2948
dont,2905
following,2904
server,2860
find,2831
var,2827
int,2823
run,2821
change,2748
project,2741
div,2738
command,2730
java,2726
also,2703
text,2677
version,2566
javascript,2519
image,2511
could,2469
problem,2460
table,2428
create,2412
used,2400
app,2395
two,2393
script,2365
trying,2348
array,2322
see,2273
page,2271
add,2250
test,2185
number,2179
tried,2155
view,2082
library,2078
key,2067
first,2062
possible,2022
without,2000
doesnt,1978
variable,1977
found,1965
option,1952
branch,1910
case,1896
result,1896
different,1888
window,1881
solution,1859
call,1855
answer,1800
cant,1797
update,1790
however,1777
database,1760
element,1748
html,1745
null,1742
seems,1738
best,1730
import,1726
directory,1713
request,1691
read,1660
content,1655
item,1644
thing,1636
column,1631
url,1603
void,1563
true,1554
simple,1532
input,1531
another,1513
local,1509
web,1495
say,1494
working,1491
button,1471
build,1461
jquery,1461
output,1455
c++,1454
running,1453
message,1450
understand,1427
look,1426
static,1423
good,1420
default,1414
mean,1411
still,1406
path,1399
right,1396
try,1389
access,1363
property,1363
install,1363
really,1359
select,1359
show,1358
php,1354
package,1319
able,1315
print,1302
repository,1300
service,1294
check,1290
many,1289
start,1287
even,1274
row,1269
looking,1265
whats,1263
instead,1263
source,1262
date,1256
better,1253
foo,1253
help,1249
end,1245
size,1243
edit,1242
point,1228
system,1224
private,1224
json,1217
module,1216
form,1211
please,1211
post,1209
sql,1201
mysql,1199
api,1197
current,1193
commit,1193
main,1192
link,1191
multiple,1168
think,1167
idea,1160
program,1148
query,1145
browser,1144
anyone,1142
exception,1142
thread,1140
write,1139
etc,1120
open,1114
since,1104
event,1084
include,1079
folder,1074
else,1073
field,1063
give,1062
class=,1061
second,1055
remove,1050
sure,1041
convert,1033
back,1031
issue,1031
reference,1029
every,1019
lib,1016
false,1015
bit,1013
language,1013
instance,1013
remote,1011
getting,1009
master,996
process,994
take,993
model,992
well,992
character,987
client,981
id=,980
specific,975
already,971
given,969
single,965
header,962
seem,960
done,957
ruby,952
google,949
lot,942
based,939
parameter,937
std,928
display,926
someone,923
usr,921
much,918
color,917
let,915
background,914
called,908
feature,906
log,904
setting,904
tag,901
always,900
password,891
may,888
inside,885
long,885
memory,884
bar,884
activity,884
framework,883
order,881
site,877
npm,876
created,875
controller,872
width,867
argument,864
put,864
tool,861
resource,859
reason,857
container,855
index,851
load,850
loop,843
task,837
style,835
last,831
information,830
got,824
correct,820
similar,816
studio,813
wrong,810
screen,809
currently,804
format,803
support,801
node,800
height,798
part,790
note,788
interface,786
state,785
push,779
connection,774
within,773
control,773
actually,773
copy,770
must,764
anything,763
implement,758
standard,755
context,754
around,753
installed,752
search,751
attribute,751
far,749
delete,748
bin,745
dependency,744
fine,741
store,735
bash,733
via,731
keep,727
documentation,726
block,724
thanks,724
docker,723
template,716
non,712
compile,708
device,708
statement,707
implementation,705
response,702
map,701
machine,701
linux,700
added,700
origin,700
might,699
self,698
gem,697
home,695
people,691
either,691
head,688
stack,684
pas,682
left,681
available,680
tell,679
creating,678
failed,677
visual,673
space,670
component,668
custom,667
click,666
going,664
xml,663
exactly,661
come,660
developer,660
root,653
performance,651
debug,647
parent,645
integer,641
place,639
name=,637
explain,636
document,632
e.g,632
action,631
missing,629
save,628
practice,628
byte,627
warning,627
step,626
pattern,625
match,623
contains,622
def,622
address,619
top,618
title,617
merge,616
fragment,616
syntax,615
level,610
const,610
override,609
location,606
isnt,606
type=,604
seen,603
github,602
.net,601
programming,597
side,596
word,595
position,595
approach,594
sort,592
group,591
everything,591
body,587
reading,585
tab,584
angular,583
configuration,582
thought,577
comment,575
figure,571
allow,570
clear,570
send,566
easy,564
layout,564
xcode,564
thats,562
structure,561
node.js,561
fix,556
common,553
several,553
handle,553
count,552
operator,551
pointer,550
never,550
double,549
rather,549
status,547
wondering,545
rail,543
chrome,542
next,539
base,539
made,538
pull,538
insert,534
throw,532
require,532
empty,529
shell,525
compiler,523
writing,523
didnt,523
final,523
child,522
adding,521
website,520
changed,518
development,517
eclipse,517
define,515
though,515
asp.net,515
whether,514
err,513
environment,512
algorithm,512
auto,508
design,508
operation,507
port,506
defined,505
particular,502
font,499
echo,499
kind,492
simply,490
nothing,490
large,489
session,489
expression,488
value=,488
provide,488
there,487
generate,486
rest,486
maven,486
char,481
record,480
core,480
hello,479
maybe,478
started,477
scope,477
existing,475
none,474
constructor,473
day,472
real,471
i.e,469
here,468
replace,468
quite,467
email,466
entity,466
spring,466
join,463
mac,462
break,461
info,461
three,460
sample,460
mvc,459
certain,457
plugin,456
target,456
automatically,455
iphone,454
token,452
pretty,450
little,449
full,447
box,446
required,446
host,446
connect,445
console,445
filter,445
mode,442
stuff,441
useful,441
django,441
execute,440
testing,438
col,438
exists,436
alert,435
download,434
swift,433
detail,430
article,429
extension,429
stored,429
range,428
catch,426
collection,426
length,425
avoid,423
commits,423
tree,422
permission,421
certificate,421
yet,420
world,418
layout_height=,418
great,416
layout_width=,416
repo,415
ajax,414
dictionary,413
cache,413
least,412
duplicate,412
vim,412
basic,410
understanding,410
label,410
written,409
release,404
whole,403
old,403
related,402
random,402
move,401
across,400
bad,400
faster,400
purpose,398
vs.,398
correctly,398
calling,397
probably,396
export,396
exist,395
year,391
apply,391
member,391
small,391
achieve,391
bootstrap,391
tutorial,390
built,389
term,389
original,389
localhost,388
per,386
general,385
making,384
utf,384
username,383
config,383
book,383
console.log,383
terminal,382
href=,381
yes,380
situation,380
float,380
dataframe,380
detect,379
hard,377
login,375
basically,374
stream,374
panda,373
latest,372
product,371
hash,370
valid,370
suggestion,369
native,369
react,369
doc,368
separate,368
hidden,367
cell,367
equivalent,362
person,361
binary,361
intent,361
platform,360
center,359
close,358
phone,357
pip,357
wrap_content,356
section,355
generated,354
src,354
angularjs,353
explanation,352
recently,352
gcc,351
actual,351
span,351
cause,350
authentication,348
textview,348
directly,347
sdk,345
often,344
account,344
determine,343
nice,343
free,343
rule,343
unit,342
happens,342
ssh,342
definition,341
building,341
sudo,340
needed,340
clone,340
effect,339
switch,339
enough,339
bottom,339
src=,339
unable,339
sometimes,338
except,338
regular,338
virtual,338
render,338
str,338
solve,336
apple,335
previous,335
dialog,335
network,334
behavior,334
confused,333
checked,333
overflow,332
manually,332
apps,331
perform,330
loaded,330
extra,330
usage,330
internet,329
scroll,329
icon,329
havent,328
entry,328
wont,325
global,325
expected,325
apache,324
stop,324
menu,324
others,323
matter,322
extends,322
exit,321
complete,321
callback,321
+id,321
jar,320
feel,319
setup,319
updated,319
ubuntu,318
dev,318
total,317
vector,317
domain,317
course,316
force,316
assume,315
description,315
async,315
advantage,314
appears,313
contain,312
postgresql,312
bundle,312
frame,311
functionality,310
filename,310
boolean,309
handler,308
dynamic,308
various,307
big,307
border,307
fast,306
entire,306
split,305
datetime,304
guess,304
img,304
starting,303
scenario,301
node_modules,301
named,299
specify,298
i++,297
sense,296
efficient,296
computer,295
couldnt,294
route,294
turn,293
cross,292
disable,291
selected,291
thinking,290
normal,290
came,289
reset,289
properly,289
undefined,288
security,287
later,287
external,287
express,287
important,286
share,286
fixed,285
assembly,284
checkout,284
video,283
svn,283
completely,283
encoding,283
enum,282
modified,280
wanted,280
easily,280
concept,279
keyword,279
requires,278
usually,278
checking,277
firefox,277
appreciated,276
struct,276
constraint,276
args,276
obj,275
submit,274
including,273
job,273
learn,272
buffer,271
execution,270
runtime,270
engine,269
specifically,267
interested,267
loading,267
unique,267
limit,267
val,267
ill,266
choose,266
max,266
clean,265
outside,265
worked,265
programmatically,264
enter,264
grep,264
editor,263
learning,262
generic,262
looked,262
equal,262
compare,261
necessary,261
changing,261
parse,261
fatal,261
wait,260
asking,259
easier,259
objective,259
fetch,259
bug,259
short,259
fact,258
allows,258
directive,257
experience,257
shared,257
prevent,256
play,256
notification,256
upload,256
constant,255
perhaps,254
schema,254
production,254
symbol,254
returned,252
ignore,252
plot,252
diff,251
due,250
abstract,250
dir,250
foreach,249
history,249
func,249
mongodb,249
transaction,248
suppose,248
apk,248
produce,247
margin,247
pro,246
consider,245
amount,245
bool,245
specified,244
containing,244
unfortunately,244
according,244
red,244
unknown,244
linearlayout,244
software,243
passed,243
installing,243
condition,243
nil,243
guide,242
attempt,242
blog,241
namespace,241
logging,241
implemented,240
area,240
alternative,240
aware,239
success,239
together,238
accept,237
ref,237
style=,237
formula,236
curl,235
recent,235
:in,235
prefer,234
drop,234
csv,234
primary,234
init,234
super,233
protected,232
enable,232
asked,232
future,232
invalid,232
inline,231
programmer,231
configure,231
longer,231
obviously,231
appear,231
handling,230
behind,230
zero,230
facebook,230
nested,230
follows,229
ask,229
profile,229
keyboard,229
github.com,229
graph,228
slow,228
track,226
special,226
system.out.println,226
ssl,225
active,225
fails,225
inner,225
executed,224
successfully,224
shown,224
unix,222
heap,222
gradle,222
flag,221
topic,221
lock,221
dynamically,221
proper,221
cpu,221
redirect,221
additional,220
obvious,220
sent,219
expect,218
ever,218
happen,218
resolve,217
along,217
animation,217
sum,217
included,216
regex,216
somehow,216
age,215
present,215
lambda,214
fit,214
meta,214
procedure,214
selector,214
requirement,213
supposed,213
tmp,213
speed,213
modal,213
whatever,212
cat,212
arraylist,212
androidruntime,212
validation,211
almost,211
follow,211
said,211
binding,211
uiview,211
match_parent,210
allowed,209
couple,209
somewhere,209
fill_parent,209
emulator,209
relative,208
hour,208
deal,208
safe,208
third,208
layer,208
choice,208
believe,207
continue,207
dom,207
complex,207
architecture,207
category,207
sub,207
bean,207
hand,206
multi,206
modify,205
showing,205
declaration,205
provided,205
deleted,205
navigation,205
searching,204
comparison,204
