use,2058
file,2058
like,2015
using,1796
way,1747
code,1576
would,1479
one,1450
get,1403
want,1397
git,1331
string,1256
function,1200
class,1151
new,1140
object,1049
know,992
need,981
example,952
method,949
work,937
python,912
value,899
list,895
ive,887
difference,859
android,852
data,821
question,809
javascript,803
time,796
java,771
return,763
line,762
user,748
something,725
application,711
dont,696
error,688
set,688
make,668
name,664
branch,662
type,649
also,649
public,646
table,646
change,645
used,624
find,621
int,605
command,598
text,592
best,587
create,580
server,570
array,567
script,565
image,559
number,552
following,540
two,540
possible,531
http,527
could,517
variable,517
project,508
answer,501
window,499
database,496
c++,491
problem,482
good,477
run,477
page,474
without,468
var,457
test,450
see,449
add,448
key,446
solution,440
different,438
doesnt,432
case,424
first,423
element,421
php,418
jquery,418
seems,418
trying,413
commit,409
version,407
simple,402
div,400
thing,399
web,390
read,385
call,385
looking,384
another,382
directory,380
repository,380
however,365
static,365
whats,364
library,364
language,361
mean,361
better,360
sql,357
found,357
cant,355
really,353
update,350
result,346
html,345
working,345
url,340
look,340
say,338
option,334
understand,331
foo,331
current,330
null,328
void,328
tried,321
view,320
app,318
column,316
write,316
input,315
check,312
select,312
feature,309
point,308
program,307
service,305
even,302
request,301
etc,297
output,297
system,295
right,293
print,292
process,292
mysql,291
idea,291
think,290
browser,289
edit,289
able,287
item,287
message,287
many,286
import,286
date,285
source,284
form,282
private,281
content,280
reference,280
exception,280
programming,277
button,274
instead,271
well,270
multiple,270
thread,270
specific,267
property,267
based,265
memory,265
still,264
end,264
since,264
please,262
master,262
character,262
field,259
anyone,258
show,258
convert,258
remove,258
bit,255
given,254
query,253
post,253
always,251
instance,251
start,250
back,247
single,244
give,244
sure,243
lot,242
client,241
access,240
parameter,239
running,237
pattern,237
may,236
remote,236
true,236
event,232
every,232
much,231
tag,231
take,230
local,230
try,229
main,227
link,227
someone,226
include,225
json,223
path,223
standard,222
second,222
interface,221
std,221
row,220
people,218
called,218
else,218
open,217
size,217
tool,217
done,215
design,214
argument,213
already,213
long,213
seem,212
linux,212
copy,212
operator,211
reason,210
site,209
order,207
framework,205
activity,204
bash,204
information,203
help,203
similar,202
practice,202
implement,201
put,201
api,200
merge,200
loop,198
default,196
google,196
template,194
part,193
issue,193
non,193
performance,192
resource,192
statement,192
ruby,191
module,188
format,188
far,187
log,185
come,185
seen,185
bar,184
correct,183
within,182
around,182
index,182
anything,182
background,181
note,180
store,179
let,179
insert,179
algorithm,178
head,178
going,177
false,177
self,177
folder,176
actually,176
exactly,176
last,176
must,176
control,175
getting,174
created,174
search,173
sort,172
place,172
inside,171
approach,171
map,170
stack,170
password,170
got,170
thats,169
build,169
implementation,169
left,169
commits,168
display,167
model,167
keep,167
e.g,167
header,166
book,166
attribute,166
either,166
delete,166
word,165
currently,164
xml,164
style,163
.net,162
support,162
task,162
developer,161
id=,161
height,161
common,160
easy,160
might,160
comment,160
writing,158
vim,158
custom,157
creating,157
load,157
syntax,157
integer,157
particular,155
space,155
via,155
contains,155
visual,152
development,152
color,152
useful,151
several,151
never,151
def,151
pointer,150
hidden,150
clear,150
explain,149
pas,149
available,149
state,149
rather,148
wrong,148
pull,148
kind,147
package,146
context,146
real,145
documentation,144
level,144
expression,144
thought,144
tell,143
setting,142
structure,142
thanks,142
machine,142
made,141
tutorial,140
added,140
char,140
tree,140
push,139
vs.,138
block,138
reading,137
rest,136
stored,135
join,135
wondering,134
written,134
connection,134
handle,134
container,134
general,133
isnt,133
testing,132
i.e,131
quite,131
screen,131
generate,131
base,130
side,130
certain,130
record,129
byte,129
parent,129
hash,128
existing,128
const,128
defined,128
send,127
studio,127
iphone,127
whether,127
shell,127
throw,127
missing,127
address,126
exists,125
pretty,125
dependency,125
large,124
fine,124
document,124
install,124
width,123
there,121
original,121
changed,121
origin,120
article,119
least,119
font,119
constructor,119
double,119
break,118
device,118
usage,118
count,118
empty,118
click,118
top,118
day,116
though,116
svn,116
great,116
product,115
django,115
provide,115
asp.net,114
purpose,114
understanding,114
duplicate,114
basic,113
three,113
entity,113
everything,113
allow,112
action,112
define,112
feel,112
avoid,112
free,112
bad,112
eclipse,112
figure,111
world,111
clone,111
often,110
session,110
range,110
node,110
hard,110
transaction,110
explanation,109
regular,109
catch,109
match,109
member,109
year,108
simply,108
step,108
stuff,107
little,107
whole,107
float,107
related,107
save,106
unit,106
length,106
started,105
email,105
website,105
here,105
status,105
history,105
typename,105
child,104
term,104
across,104
old,104
random,104
per,104
response,104
utf,104
didnt,103
overflow,102
move,101
hello,101
actual,101
execute,101
suggestion,100
probably,100
abstract,100
course,99
echo,99
stream,99
adding,98
programmer,98
built,98
filter,98
override,98
havent,97
maybe,97
next,97
sometimes,97
small,97
various,97
functionality,96
yet,96
nice,96
rail,96
mvc,96
core,96
rule,96
lib,96
determine,95
collection,95
big,95
fast,95
situation,95
operation,95
type=,95
location,94
auto,94
replace,94
nothing,94
layout,93
phone,93
box,92
concept,92
advantage,92
linq,92
needed,92
detect,92
faster,92
title,91
internet,91
interested,91
sample,91
recently,91
datetime,90
dictionary,90
automatically,90
definition,90
ajax,90
compiler,90
struct,90
full,90
experience,90
exist,90
encoding,89
directly,88
learn,88
handler,88
name=,88
alert,88
intent,88
mac,87
assume,87
certificate,87
group,86
detail,86
valid,86
equivalent,86
bin,86
exit,86
contain,85
software,85
calling,85
reset,85
enough,85
correctly,85
position,85
compile,84
configuration,84
tab,84
binary,84
debug,83
root,83
important,83
split,83
checkout,83
extension,83
download,83
making,83
require,83
domain,83
github,83
modified,83
node.js,83
specifically,82
learning,82
others,82
virtual,82
release,82
final,82
assembly,82
vector,82
home,81
generic,81
complete,79
basically,79
wont,79
global,79
editor,79
environment,79
short,79
undefined,79
keyword,79
failed,79
matter,78
network,78
comparison,78
port,78
functional,78
achieve,78
ill,77
filename,77
platform,77
guess,77
easier,77
grep,77
efficient,77
force,77
handling,77
jar,77
programmatically,76
close,76
separate,76
computer,75
came,75
procedure,75
compare,75
nested,75
normal,75
later,74
apply,74
except,74
prefer,74
boolean,74
perform,74
unique,74
previous,74
cross,73
forward,73
wanted,73
required,73
alternative,73
entry,73
clean,72
manually,72
declaration,72
terminal,72
dynamic,72
account,72
external,72
effect,72
warning,72
spring,72
thinking,71
login,71
none,71
span,71
section,71
usr,71
extra,71
equal,71
track,71
perhaps,70
pro,70
usually,70
ssh,70
cache,70
cause,70
selected,70
bottom,70
behavior,70
factory,70
textview,70
authentication,69
including,69
happens,69
scenario,69
ever,69
body,69
asking,69
obvious,69
architecture,69
updated,69
rebase,69
topic,68
unix,68
online,68
asked,68
extends,68
high,68
especially,68
company,68
plugin,67
foreach,67
properly,67
stop,67
sequence,67
implemented,67
consider,66
guide,66
aware,66
allows,66
installed,66
loaded,66
limit,66
frame,66
str,66
repo,66
starting,65
solve,65
protected,65
sense,65
share,65
cpu,65
easily,65
mode,65
class=,65
postgresql,65
parse,65
wrap_content,65
technique,64
deal,64
entire,64
con,64
primary,64
objective,64
i++,64
special,64
ignore,64
chrome,64
switch,64
appears,64
wait,64
dialog,64
username,63
considered,63
whatever,63
enum,63
turn,63
engine,63
fix,63
description,63
center,63
area,62
coding,62
building,62
controller,62
connect,62
trick,62
diff,62
inner,62
due,62
care,62
prevent,61
unicode,61
execution,61
swap,61
target,61
obj,61
firefox,61
keyboard,61
security,60
fact,60
checking,60
yes,60
lock,60
together,60
heard,60
myclass,60
submit,60
red,60
gem,60
apps,60
car,60
choose,59
requires,59
checked,59
named,59
singleton,59
specify,59
args,59
completely,59
scala,59
dynamically,58
necessary,58
namespace,58
produce,58
suggested,58
sqlite,58
choice,58
although,58
looked,58
pdf,58
confused,58
explorer,58
ref,58
printf,58
hour,57
perl,57
blog,57
multi,57
benefit,57
console,57
specified,57
heap,57
pixel,57
constant,57
amount,56
quick,56
requirement,56
couldnt,56
facebook,56
maven,56
returned,56
complex,56
runtime,56
img,56
callback,56
continue,55
discussion,55
game,55
ask,55
sdk,55
condition,55
href=,55
fit,55
super,55
slow,55
safe,54
outside,54
hoping,54
passed,54
fairly,54
job,54
declare,54
plain,54
zero,54
sum,54
androidruntime,54
person,53
recommended,53
generated,53
along,53
expected,53
finding,53
pick,53
implementing,53
wpf,53
latest,53
host,53
suppose,53
info,53
menu,53
servlet,53
theyre,52
believe,52
interesting,52
hold,52
deleted,52
delegate,52
known,52
value=,52
src=,52
sub,52
age,51
mention,51
microsoft,51
disable,51
scale,51
bug,51
soap,51
developing,51
containing,51
modify,51
future,51
unfortunately,51
logging,51
enter,51
redirect,51
regex,51
bound,51
init,51
tchar,51
month,50
validation,50
almost,50
elegant,50
expect,50
storing,50
scope,50
behind,50
oriented,50
speed,50
mentioned,50
conflict,50
reverse,50
third,50
passing,50
unless,50
abc,50
+id,50
hand,49
apache,49
searching,49
video,49
preferred,49
drop,49
thus,49
appropriate,49
total,49
curious,49
tip,49
piece,49
kill,49
additional,49
couple,49
pair,49
production,49
happen,49
somewhere,49
delimiters,49
msg,49
life,48
apple,48
retrieve,48
blah,48
bunch,48
fixed,48
author,48
obviously,48
accept,48
layer,48
proper,48
appreciated,47
likely,47
dom,47
col,47
convention,47
snippet,47
worked,47
attempt,47
wrap,47
hashmap,47
component,47
linked,47
inheritance,47
cell,47
unsigned,47
somehow,47
sorting,47
bean,47
revision,47
committed,47
layout_width=,47
iterate,46
trace,46
everyone,46
follow,46
assuming,46
quote,46
quickly,46
executed,46
param,46
logic,46
removing,46
sign,46
fill,46
ball,46
layout_height=,46
ago,45
plugins,45
mark,45
trouble,45
ide,45
beginning,45
major,45
anybody,45
direction,45
