c,275
python,240
javascript,226
java,210
c++,148
.net,126
html,86
git,85
jquery,81
sql,64
php,61
sql-server,60
language-agnostic,60
string,57
css,56
mysql,54
oop,51
algorithm,51
ios,51
bash,51
linux,47
performance,45
database,44
windows,39
objective-c,39
version-control,37
shell,37
multithreading,37
arrays,34
design-patterns,32
cocoa-touch,32
list,31
vim,30
iphone,27
c++-faq,27
regex,26
datetime,25
http,25
unix,25
tsql,25
command-line,25
security,24
unit-testing,23
svn,22
data-structures,22
asp.net,22
android,22
terminology,21
image,20
rest,19
ruby,18
visual-studio,18
asp.net-mvc,18
file,18
exception,17
database-design,17
linq,17
scripting,17
macos,16
inheritance,16
generics,16
django,16
ajax,16
dictionary,15
debugging,15
pointers,15
class,15
batch-file,15
reflection,14
loops,14
syntax,14
wpf,14
memory,14
collections,14
memory-management,14
variables,14
dom,14
url,14
vi,13
hidden-features,13
static,13
editor,13
eclipse,12
enums,12
constructor,12
xml,12
cocoa,12
coding-style,12
date,12
json,12
browser,11
object,11
optimization,11
naming-conventions,11
function,11
struct,11
random,11
functional-programming,11
math,11
templates,11
