use,849
way,799
like,794
using,789
file,772
code,665
one,619
would,618
get,543
string,530
class,528
want,525
method,480
function,442
know,417
python,407
object,404
need,401
ive,384
example,383
java,375
git,374
new,373
value,370
question,354
difference,353
javascript,348
work,340
best,334
list,326
table,311
time,306
return,303
make,296
something,289
line,288
c++,288
also,274
dont,268
type,267
data,262
used,261
application,260
script,254
text,251
set,250
number,249
user,248
find,242
name,239
good,238
command,238
database,236
error,232
create,230
window,228
int,227
server,226
public,216
answer,215
could,211
jquery,209
two,209
page,205
thing,205
variable,205
test,204
image,203
http,200
sql,195
possible,195
change,195
static,194
problem,192
see,189
following,189
key,186
array,184
option,182
element,181
without,181
language,181
run,181
looking,178
project,178
different,177
whats,177
seems,176
div,176
web,171
solution,171
better,167
doesnt,164
call,163
result,161
simple,159
exception,159
add,158
another,157
case,156
php,155
really,155
version,154
form,152
branch,150
found,149
library,148
say,147
directory,141
feature,141
column,139
html,139
multiple,137
bit,137
trying,134
read,133
first,133
var,133
cant,132
select,132
view,131
program,130
think,129
edit,128
current,128
memory,127
programming,126
able,125
people,124
look,124
url,123
understand,123
linux,123
write,123
always,122
event,121
mean,121
output,121
thread,121
property,120
service,120
however,120
given,119
check,119
even,119
reference,119
mysql,118
many,118
tool,118
instead,118
standard,117
content,117
etc,117
print,115
end,115
system,114
query,114
working,114
update,114
process,114
anyone,113
item,113
lot,113
pattern,112
repository,112
.net,111
well,110
please,109
point,109
source,109
specific,108
foo,108
else,108
date,108
browser,107
book,107
idea,106
reason,105
tried,105
interface,104
practice,104
request,103
give,103
take,103
right,103
sure,102
much,102
design,102
app,101
convert,101
single,100
field,100
still,100
private,100
main,99
show,99
running,99
post,99
done,98
void,98
based,97
order,97
site,97
since,97
merge,97
module,96
null,96
commit,96
performance,95
access,95
remove,95
stack,94
instance,94
size,94
statement,94
control,93
may,93
tag,93
message,93
long,93
put,93
loop,92
import,92
include,91
path,91
someone,90
input,90
row,90
seen,90
start,89
parameter,89
character,89
thats,88
called,88
try,88
open,87
seem,86
visual,86
client,86
issue,86
back,85
resource,85
framework,85
true,84
word,83
far,83
let,83
non,83
hidden,83
information,82
copy,82
bash,81
within,80
svn,80
already,79
header,78
particular,78
useful,78
expression,78
might,77
link,77
algorithm,77
easy,76
similar,76
currently,76
support,76
implement,76
delete,76
around,75
approach,75
self,75
inside,74
index,74
studio,74
attribute,74
part,73
argument,73
anything,73
every,72
search,72
correct,72
got,72
build,72
log,71
store,71
help,71
development,71
come,71
structure,71
creating,71
kind,71
stored,71
actually,70
e.g,70
display,69
folder,69
model,69
last,69
implementation,69
writing,68
iphone,68
generate,68
google,68
hash,67
common,67
pointer,67
getting,67
linq,67
integer,67
developer,66
unit,66
asp.net,66
second,66
load,66
either,66
going,65
overflow,65
several,65
template,65
note,64
task,64
xml,64
available,64
false,64
button,64
testing,63
tutorial,63
shell,63
regular,63
operator,63
local,63
def,63
height,63
sort,62
space,62
never,62
free,62
vs.,62
pretty,62
vim,62
place,61
default,61
clear,61
machine,61
real,61
usage,61
wondering,60
ruby,60
byte,60
block,60
created,60
background,60
bad,60
must,60
setting,59
basic,59
documentation,59
little,59
insert,59
exists,59
format,59
base,59
general,58
throw,58
comment,58
password,57
range,57
avoid,57
rather,57
exactly,57
syntax,57
pas,57
tree,57
datetime,56
generic,56
wrong,56
state,56
least,55
explain,55
tell,55
mvc,55
via,55
suggestion,55
float,55
handle,55
replace,55
often,54
custom,54
reading,54
internet,54
programmer,54
bar,54
thought,54
keep,54
procedure,54
contains,54
join,54
color,53
product,53
provide,53
dictionary,52
map,52
there,52
quite,52
whether,52
execute,52
stuff,51
level,51
though,51
box,51
address,51
interested,51
isnt,51
std,51
left,51
container,51
year,50
large,50
big,50
remote,50
defined,50
thanks,50
catch,50
fine,49
situation,49
operation,49
duplicate,49
random,49
master,49
great,49
related,49
utf,49
day,48
functionality,48
filename,48
three,48
written,48
efficient,48
experience,48
sometimes,48
abstract,48
id=,48
compile,47
havent,47
hello,47
world,47
double,47
head,47
keyword,47
collection,46
website,46
explanation,46
existing,46
platform,46
calling,46
define,46
next,46
built,46
constructor,46
count,46
record,45
mac,45
style,45
pull,45
save,44
across,44
feel,44
struct,44
added,44
determine,43
i.e,43
whole,43
const,43
json,43
django,43
ball,43
car,43
email,42
compiler,42
simply,42
learn,42
actual,42
here,42
certain,42
parent,42
response,42
rest,41
document,41
environment,41
virtual,41
short,41
equivalent,41
match,41
handling,41
explorer,41
empty,41
androidruntime,41
allow,40
unix,40
purpose,40
pro,40
length,40
hard,40
break,40
editor,40
clone,40
exist,40
assembly,40
care,40
width,40
currency,40
automatically,39
specifically,39
figure,39
course,39
advantage,39
wont,39
trick,39
easier,39
others,39
primary,39
dependency,39
nested,39
side,39
rule,39
exit,39
article,38
term,38
made,38
action,38
computer,38
api,38
enum,38
tab,38
needed,38
member,38
changed,38
char,38
send,37
nice,37
software,37
ajax,37
prefer,37
online,37
auto,37
lock,37
valid,37
echo,37
missing,37
myclass,37
correctly,37
android,37
subversion,36
coding,36
thinking,36
original,36
detail,36
forward,36
account,36
faster,36
ill,35
group,35
later,35
yet,35
maybe,35
node,35
directly,35
ever,35
properly,35
wpf,35
eclipse,35
especially,35
recently,35
detect,35
heap,35
technique,34
fast,34
matter,34
complete,34
con,34
old,34
entity,34
declaration,34
probably,34
asking,34
objective,34
high,34
required,34
limit,34
unique,34
reverse,34
sessionguid,34
checking,33
child,33
title,33
except,33
considered,33
controller,33
split,33
basically,33
login,33
extension,33
obvious,33
favorite,33
small,33
various,33
separate,33
singleton,33
selected,33
sequence,33
encoding,33
person,32
guide,32
cross,32
debug,32
definition,32
root,32
learning,32
package,32
concept,32
sample,32
understanding,32
scenario,32
usually,32
allows,32
everything,32
obj,32
domain,32
type=,32
click,32
topic,31
adding,31
didnt,31
preferred,31
quick,31
step,31
whatever,31
suggested,31
full,31
assume,31
equal,31
cache,31
alternative,31
final,31
bottom,31
per,31
binary,31
implemented,31
effect,31
opener,31
hour,30
started,30
security,30
entire,30
foreach,30
tip,30
handler,30
span,30
transaction,30
produce,30
asked,30
diff,30
hold,30
enough,30
loaded,30
i++,30
cpu,30
certificate,30
due,30
layer,30
override,30
programmatically,29
contain,29
consider,29
ide,29
location,29
activity,29
connection,29
compare,29
core,29
condition,29
inner,29
switch,29
filter,29
secure,29
rebase,29
recommended,28
theyre,28
aware,28
microsoft,28
elegant,28
blog,28
ask,28
came,28
global,28
perform,28
together,28
sqlite,28
stop,28
heard,28
section,28
job,28
architecture,28
force,28
push,28
conflict,28
unsigned,28
perhaps,27
fact,27
important,27
clean,27
move,27
requires,27
building,27
perl,27
screen,27
discussion,27
game,27
curious,27
manually,27
soap,27
passed,27
multi,27
execution,27
wanted,27
making,27
dynamic,27
delegate,27
cause,27
known,27
updated,27
company,27
appears,27
bean,27
starting,26
solve,26
including,26
apache,26
outside,26
trace,26
rail,26
john,26
appropriate,26
orm,26
snippet,26
unicode,26
context,26
benefit,26
implementing,26
speed,26
modify,26
easily,26
distance,26
constraint,26
entry,26
complex,26
commits,26
src=,26
inheritance,26
stream,26
jar,26
top,26
img,26
redirect,26
iframe,26
.e+,26
plugins,25
username,25
choose,25
safe,25
dom,25
direction,25
hoping,25
beginner,25
graph,25
guess,25
layout,25
fairly,25
functional,25
turn,25
release,25
require,25
couple,25
linked,25
nothing,25
parse,25
position,25
constant,25
foreign,25
dialog,25
prevent,24
almost,24
expect,24
dynamically,24
none,24
checked,24
comparison,24
reflection,24
worked,24
body,24
extra,24
disk,24
engine,24
oracle,24
device,24
value=,24
normal,24
specify,24
firefox,24
logging,24
signed,24
completely,24
fill,24
regex,24
center,24
example.com,24
revision,24
extend,23
plugin,23
deal,23
appreciated,23
disable,23
major,23
thus,23
grid,23
accepted,23
reset,23
ideally,23
naming,23
convention,23
boolean,23
grep,23
terminal,23
sdk,23
oriented,23
backup,23
undefined,23
declare,23
submit,23
host,23
ignore,23
letter,23
postgresql,23
bin,23
keyboard,23
shared,23
achieve,23
val,23
maximum,23
failed,23
style=,23
openerguid,23
session,22
authentication,22
love,22
business,22
requirement,22
sense,22
necessary,22
ascii,22
port,22
behind,22
ienumerable,22
close,22
injection,22
although,22
quickly,22
looked,22
share,22
fully,22
special,22
batch,22
ssh,22
internal,22
outer,22
talking,22
card,22
resolve,22
previous,22
queue,22
happen,22
modified,22
somewhere,22
zero,22
label,22
proper,22
mention,21
generated,21
guideline,21
mark,21
continue,21
preferably,21
likely,21
worth,21
recursion,21
follow,21
past,21
checkout,21
mutex,21
manual,21
kill,21
attempt,21
effective,21
bunch,21
choice,21
download,21
lisp,21
recursive,21
opinion,21
aspect,21
__init__,21
logic,21
external,21
seek,21
str,21
resize,21
history,21
description,21
passing,21
warning,21
proxy,21
currencytype,21
+.e+j,21
lambda,20
hand,20
iterate,20
trouble,20
area,20
podcast,20
mostly,20
storing,20
finding,20
moment,20
additional,20
console,20
wasnt,20
defining,20
setup,20
returned,20
operating,20
super,20
alert,20
info,20
production,20
behavior,20
arraylist,20
unable,20
install,20
collision,20
lib,20
hear,20
spring,20
month,19
license,19
remember,19
protected,19
official,19
beginning,19
viewmodel,19
recommend,19
everyone,19
develop,19
leave,19
bug,19
along,19
anonymous,19
yield,19
namespace,19
assuming,19
scope,19
today,19
developing,19
containing,19
accomplish,19
decimal,19
simplest,19
initialize,19
finally,19
obviously,19
youre,19
gcc,19
shouldnt,19
suppose,19
plain,19
fit,19
hashmap,19
depending,19
strategy,19
trigger,19
enter,19
scripting,19
shortcut,19
boost,19
wait,19
minute,19
meant,19
slow,19
dbo,19
calculate,18
believe,18
