javascript,582
python,514
java,487
c,473
git,364
c++,274
android,266
html,209
jquery,195
.net,183
php,144
string,144
bash,135
sql,134
css,134
mysql,119
ios,118
arrays,113
linux,95
oop,94
algorithm,92
sql-server,90
language-agnostic,85
objective-c,83
shell,80
database,78
performance,76
list,72
version-control,68
vim,68
multithreading,67
windows,64
design-patterns,59
iphone,58
http,55
json,55
ruby,54
regex,52
cocoa-touch,52
command-line,50
c++-faq,49
unix,46
terminology,45
tsql,45
syntax,45
security,44
r,44
rest,42
datetime,40
asp.net,38
file,37
date,37
ruby-on-rails,37
dictionary,35
branch,35
visual-studio,35
macos,35
image,35
ajax,35
unit-testing,34
url,34
object,33
data-structures,33
sorting,32
eclipse,32
debugging,32
functional-programming,32
asp.net-mvc,32
django,32
pointers,31
loops,30
inheritance,30
math,30
node.js,30
function,29
generics,29
exception,28
database-design,28
scripting,28
postgresql,28
git-branch,28
xml,27
random,27
concurrency,27
file-io,27
linq,26
svn,25
class,25
variables,25
architecture,24
constructor,24
github,24
scala,24
r-faq,24
merge,23
collections,23
dom,23
optimization,22
wpf,22
memory,22
